{
  "0": {
    "label": "chair",
    "centroid": [
      -0.45836127505582924,
      0.18818064121639028,
      1.8326875602497774
    ],
    "dimensions": [
      0.7829036712646484,
      1.0918039083480835,
      1.4179999828338623
    ],
    "confidence": 0.9504901766777039,
    "observations": 17,
    "last_seen": 0
  },
  "1": {
    "label": "computer",
    "centroid": [
      -0.37956124544143677,
      -0.5281975467999777,
      2.662332852681478
    ],
    "dimensions": [
      0.6693991422653198,
      0.8372076153755188,
      1.503000020980835
    ],
    "confidence": 0.656247079372406,
    "observations": 3,
    "last_seen": 0
  },
  "2": {
    "label": "chair",
    "centroid": [
      -0.9287024339040121,
      0.4313165644804637,
      2.0815703868865967
    ],
    "dimensions": [
      0.5566059947013855,
      0.5468459129333496,
      0.9250000715255737
    ],
    "confidence": 0.8495166897773743,
    "observations": 6,
    "last_seen": 0
  },
  "3": {
    "label": "table",
    "centroid": [
      2.3088362216949463,
      -0.2504059970378876,
      7.951570510864258
    ],
    "dimensions": [
      3.459561824798584,
      1.1081024408340454,
      5.029000282287598
    ],
    "confidence": 0.6015231013298035,
    "observations": 1,
    "last_seen": 0
  },
  "4": {
    "label": "chair",
    "centroid": [
      -0.1546672284603119,
      0.17998474836349487,
      2.955747604370117
    ],
    "dimensions": [
      0.9048143029212952,
      1.039084553718567,
      2.621000289916992
    ],
    "confidence": 0.9231134653091431,
    "observations": 2,
    "last_seen": 0
  },
  "5": {
    "label": "chair",
    "centroid": [
      -0.9473832845687866,
      0.6677320003509521,
      2.211789846420288
    ],
    "dimensions": [
      0.871981143951416,
      0.5871143341064453,
      1.8740001916885376
    ],
    "confidence": 0.8475654721260071,
    "observations": 1,
    "last_seen": 0
  },
  "6": {
    "label": "computer",
    "centroid": [
      0.5106897354125977,
      0.3825448155403137,
      1.1500264406204224
    ],
    "dimensions": [
      0.13810282945632935,
      0.13917475938796997,
      0.24299991130828857
    ],
    "confidence": 0.5605518221855164,
    "observations": 1,
    "last_seen": 0
  },
  "7": {
    "label": "chair",
    "centroid": [
      -0.7251673936843872,
      -0.8054466843605042,
      2.767822504043579
    ],
    "dimensions": [
      1.3581918478012085,
      1.313759446144104,
      2.309000015258789
    ],
    "confidence": 0.640021026134491,
    "observations": 1,
    "last_seen": 0
  },
  "8": {
    "label": "chair",
    "centroid": [
      -0.394569955766201,
      -0.591077983379364,
      2.588334381580353
    ],
    "dimensions": [
      0.5568397045135498,
      0.3090735673904419,
      0.8600001335144043
    ],
    "confidence": 0.6605352759361267,
    "observations": 4,
    "last_seen": 0
  },
  "9": {
    "label": "computer",
    "centroid": [
      0.06875354945659637,
      0.1556510955095291,
      3.108216094970703
    ],
    "dimensions": [
      0.5712350606918335,
      0.8326302766799927,
      1.192000150680542
    ],
    "confidence": 0.6656210422515869,
    "observations": 5,
    "last_seen": 0
  },
  "10": {
    "label": "table",
    "centroid": [
      -0.9312851031621298,
      0.006523484364151955,
      2.112957715988159
    ],
    "dimensions": [
      0.7355781197547913,
      0.2904529571533203,
      0.9920001029968262
    ],
    "confidence": 0.7533857822418213,
    "observations": 3,
    "last_seen": 0
  },
  "11": {
    "label": "table",
    "centroid": [
      2.2154293060302734,
      -1.383649230003357,
      8.004008293151855
    ],
    "dimensions": [
      3.7641091346740723,
      1.9210525751113892,
      4.685000419616699
    ],
    "confidence": 0.5858386754989624,
    "observations": 2,
    "last_seen": 0
  },
  "12": {
    "label": "chair",
    "centroid": [
      -0.26139578223228455,
      0.47212761640548706,
      2.2367782592773438
    ],
    "dimensions": [
      0.6818575859069824,
      0.7990297675132751,
      0.7480000257492065
    ],
    "confidence": 0.9233703017234802,
    "observations": 2,
    "last_seen": 0
  },
  "13": {
    "label": "computer",
    "centroid": [
      -0.6756010055541992,
      -0.8152734041213989,
      2.7632811069488525
    ],
    "dimensions": [
      1.4934298992156982,
      1.272870421409607,
      2.8460001945495605
    ],
    "confidence": 0.5919193029403687,
    "observations": 1,
    "last_seen": 0
  },
  "14": {
    "label": "computer",
    "centroid": [
      -0.9713150858879089,
      -0.2654512822628021,
      2.320977210998535
    ],
    "dimensions": [
      1.226538062095642,
      0.6724331378936768,
      1.7170000076293945
    ],
    "confidence": 0.6124021410942078,
    "observations": 1,
    "last_seen": 0
  },
  "15": {
    "label": "table",
    "centroid": [
      -0.7599605321884155,
      0.08815170079469681,
      1.7908023595809937
    ],
    "dimensions": [
      0.45971477031707764,
      0.1884034276008606,
      0.7329999208450317
    ],
    "confidence": 0.5597454905509949,
    "observations": 1,
    "last_seen": 0
  },
  "16": {
    "label": "chair",
    "centroid": [
      -0.3175937533378601,
      0.11586447060108185,
      2.684608221054077
    ],
    "dimensions": [
      1.6026546955108643,
      1.0446500778198242,
      3.954000473022461
    ],
    "confidence": 0.8527798652648926,
    "observations": 1,
    "last_seen": 0
  }
}