{
  "run_id": "20260129_133655",
  "created_at": "2026-01-29 13:36:55",
  "device": "Intel RealSense D435I",
  "serial": "115222071204",
  "streams": {
    "color": {
      "width": 640,
      "height": 480,
      "fps": 30
    },
    "depth": {
      "width": 640,
      "height": 480,
      "fps": 30,
      "format": "z16"
    }
  },
  "intrinsics": {
    "fx": 604.4629516601562,
    "fy": 603.1218872070312,
    "cx": 331.9023132324219,
    "cy": 243.5795440673828,
    "width": 640,
    "height": 480
  },
  "depth_scale": 0.0010000000474974513,
  "align_to_color": true,
  "notes": "Depth is stored as uint16 PNG in raw units (z16). Convert to meters using depth_scale."
}